<?xml version="1.0" encoding="UTF-8"?>
<component name="event" type="synapse/template">
    <subComponents>


        <component name="eventDetails">
            <file>eventDetails.xml</file>
            <description>Give the detail of the events.</description>
        </component>

        <component name="eventAttendees">
            <file>eventAttendees.xml</file>
            <description>Give the detail of the eventAttendees.</description>
        </component>

        <component name="eventCategories">
            <file>eventCategories.xml</file>
            <description>Give the detail categoreis of the event.</description>
        </component>

        <component name="eventTransfers">
            <file>eventTransfers.xml</file>
            <description>Give the transfer of the event.</description>
        </component>

        <component name="eventTeams">
            <file>eventTeams.xml</file>
            <description>Give the detail teams of the event.</description>
        </component>

        <component name="eventAccessCodes">
            <file>eventAccessCodes.xml</file>
            <description>Give the teams of the event.</description>
        </component>

        <component name="eventTeamsDetails">
            <file>eventTeamsDetails.xml</file>
            <description>Give the detail teams of the event.</description>
        </component>

        <component name="eventTeamsAttendees">
            <file>eventTeamsAttendees.xml</file>
            <description>Give the detail teams attendees of the event.</description>
        </component>
    </subComponents>
</component>